[{"title":"Blonde - Frank Ocean","artist":"Frank Ocean","image":"http:\/\/is5.mzstatic.com\/image\/thumb\/Music22\/v4\/08\/e1\/da\/08e1dab2-375d-5491-83c1-77754dc2eb37\/BlondCover-Final.jpg\/100x100bb-85.jpg"},{"title":"Still Falling For You (From \"Bridget Jones's Baby\" Original Motion Picture Soundtrack) - Single - Ellie Goulding","artist":"Ellie Goulding","image":"http:\/\/is3.mzstatic.com\/image\/thumb\/Music22\/v4\/23\/cd\/4d\/23cd4d51-74a0-f485-61ad-c7f46742fb71\/UMG_cvrart_00602557121575_01_RGB72_1800x1800_16UMGIM59889.jpg\/100x100bb-85.jpg"},{"title":"Different Now - Single - Fetty Wap","artist":"Fetty Wap","image":"http:\/\/is5.mzstatic.com\/image\/thumb\/Music22\/v4\/c9\/4d\/bb\/c94dbb94-26aa-d6eb-1728-900ab1f1afa7\/814908021797.jpg\/100x100bb-85.jpg"},{"title":"Into You (3LAU Remix) - Single - Ariana Grande","artist":"Ariana Grande","image":"http:\/\/is1.mzstatic.com\/image\/thumb\/Music62\/v4\/a5\/18\/ff\/a518ff5b-608e-93b0-6937-3bbc75193fac\/UMG_cvrart_00602557142723_01_RGB72_1800x1800_16UMGIM59808.jpg\/100x100bb-85.jpg"},{"title":"Different Now - Single - Fetty Wap","artist":"Fetty Wap","image":"http:\/\/is4.mzstatic.com\/image\/thumb\/Music42\/v4\/05\/f1\/4f\/05f14fbf-0cad-4e99-8563-ee8472d61f80\/814908021780.jpg\/100x100bb-85.jpg"},{"title":"Brave Enough - Lindsey Stirling","artist":"Lindsey Stirling","image":"http:\/\/is1.mzstatic.com\/image\/thumb\/Music30\/v4\/55\/6d\/38\/556d3872-aef6-9a03-d823-1321dcca8c80\/762184742625_cover.jpg\/100x100bb-85.jpg"},{"title":"The Long Goodbye - Single - Sarah McLachlan","artist":"Sarah McLachlan","image":"http:\/\/is3.mzstatic.com\/image\/thumb\/Music71\/v4\/d0\/c4\/64\/d0c464f2-db76-1d37-e2ba-4ebc60c28999\/UMG_cvrart_00602557126884_01_RGB72_1800x1800_16UMGIM58080.jpg\/100x100bb-85.jpg"},{"title":"Treat You Better (Ashworth Remix) - Single - Shawn Mendes","artist":"Shawn Mendes","image":"http:\/\/is1.mzstatic.com\/image\/thumb\/Music22\/v4\/60\/20\/2f\/60202fe1-3335-5240-ca55-1f8351fb915d\/UMG_cvrart_00602557148459_01_RGB72_1800x1800_16UMGIM60597.jpg\/100x100bb-85.jpg"},{"title":"I'm Not the Devil - Cody Jinks","artist":"Cody Jinks","image":"http:\/\/is3.mzstatic.com\/image\/thumb\/Music18\/v4\/59\/3b\/37\/593b379c-48e9-73dc-096e-eb91d74d641b\/886445964288.jpg\/100x100bb-85.jpg"},{"title":"Stranger Things, Vol. 1 (A Netflix Original Series Soundtrack) - Kyle Dixon & Michael Stein","artist":"Kyle Dixon & Michael Stein","image":"http:\/\/is4.mzstatic.com\/image\/thumb\/Music62\/v4\/78\/64\/fd\/7864fd18-e2e2-d7ac-8dfb-7e42493c522c\/780163484526.jpg\/100x100bb-85.jpg"},{"title":"Hell Or High Water (Original Motion Picture Soundtrack) - Nick Cave & Warren Ellis","artist":"Nick Cave & Warren Ellis","image":"http:\/\/is1.mzstatic.com\/image\/thumb\/Music60\/v4\/43\/7f\/ec\/437fec5c-63f0-21ab-f5a2-2aa907437836\/731383679469.jpg\/100x100bb-85.jpg"},{"title":"Housefires III - Housefires","artist":"Housefires","image":"http:\/\/is2.mzstatic.com\/image\/thumb\/Music128\/v4\/5d\/c7\/10\/5dc710bd-d2d8-8106-d338-7515076b793a\/859717226032_cover.jpg\/100x100bb-85.jpg"}]