[{"title":"The Sound of Silence - Disturbed","artist":"Disturbed","image":"http:\/\/is4.mzstatic.com\/image\/thumb\/Music5\/v4\/62\/89\/73\/62897320-bc1d-7916-25e1-33d0e5e45dd5\/093624926245.jpg\/100x100bb-100.jpg"},{"title":"Meant to Be (feat. Florida Georgia Line) - Bebe Rexha","artist":"Bebe Rexha","image":"http:\/\/is5.mzstatic.com\/image\/thumb\/Music128\/v4\/4a\/a1\/37\/4aa13719-baa1-57f1-cf05-88de49672b9a\/093624910763.jpg\/100x100bb-100.jpg"},{"title":"Perfect - Ed Sheeran","artist":"Ed Sheeran","image":"http:\/\/is3.mzstatic.com\/image\/thumb\/Music122\/v4\/9a\/35\/95\/9a3595c7-c675-fd74-352f-44e3638ac123\/190295851286.jpg\/100x100bb-100.jpg"},{"title":"The Middle - Zedd, Maren Morris & Grey","artist":"Zedd, Maren Morris & Grey","image":"http:\/\/is5.mzstatic.com\/image\/thumb\/Music128\/v4\/1f\/dd\/c2\/1fddc2ed-06dc-58b6-f32e-078971a2b17a\/UMG_cvrart_00602567380580_01_RGB72_3000x3000_18UMGIM02231.jpg\/100x100bb-100.jpg"},{"title":"You Make It Easy - Jason Aldean","artist":"Jason Aldean","image":"http:\/\/is1.mzstatic.com\/image\/thumb\/Music62\/v4\/eb\/01\/26\/eb0126c9-0f83-97a1-b53c-f7be5fe360e8\/4050538359893.jpg\/100x100bb-100.jpg"},{"title":"Finesse (Remix) [feat. Cardi B] - Bruno Mars","artist":"Bruno Mars","image":"http:\/\/is5.mzstatic.com\/image\/thumb\/Music118\/v4\/58\/88\/f7\/5888f751-c95f-ba5e-2524-377b76b129ac\/075679878892.jpg\/100x100bb-100.jpg"},{"title":"Havana (feat. Young Thug) - Camila Cabello","artist":"Camila Cabello","image":"http:\/\/is3.mzstatic.com\/image\/thumb\/Music118\/v4\/32\/53\/40\/325340a2-c77e-777d-c391-64ed74434f2d\/886446870298.jpg\/100x100bb-100.jpg"},{"title":"Let You Down - NF","artist":"NF","image":"http:\/\/is2.mzstatic.com\/image\/thumb\/Music118\/v4\/18\/02\/ca\/1802caa5-3706-c501-3bc4-041d7f82b8e6\/UMG_cvrart_00602547935885_01_RGB72_1800x1800_17UM1IM17084.jpg\/100x100bb-100.jpg"},{"title":"Say Something (feat. Chris Stapleton) - Justin Timberlake","artist":"Justin Timberlake","image":"http:\/\/is5.mzstatic.com\/image\/thumb\/Music118\/v4\/12\/af\/1e\/12af1e59-fa09-47ed-8cbe-3a3029e3668e\/886446900759.jpg\/100x100bb-100.jpg"},{"title":"Thunder - Imagine Dragons","artist":"Imagine Dragons","image":"http:\/\/is1.mzstatic.com\/image\/thumb\/Music91\/v4\/b4\/7b\/02\/b47b02f9-58c7-dd3a-c97e-6544bd9ad36a\/UMG_cvrart_00602557680850_01_RGB72_1800x1800_17UMGIM98210.jpg\/100x100bb-100.jpg"},{"title":"Marry Me - Thomas Rhett","artist":"Thomas Rhett","image":"http:\/\/is4.mzstatic.com\/image\/thumb\/Music118\/v4\/67\/c6\/61\/67c6617d-c2cc-fa7b-afb6-40c54ccb60ba\/UMG_cvrart_00843930032334_01_RGB72_1800x1800_17UM1IM16267.jpg\/100x100bb-100.jpg"},{"title":"For You (Fifty Shades Freed) - Liam Payne & Rita Ora","artist":"Liam Payne & Rita Ora","image":"http:\/\/is1.mzstatic.com\/image\/thumb\/Music118\/v4\/5e\/cf\/c0\/5ecfc094-603f-2577-f3f5-aed80681e187\/UMG_cvrart_00602567332732_01_RGB72_3000x3000_18UMGIM01206.jpg\/100x100bb-100.jpg"}]