[{"title":"You Make It Easy Jason Aldean"},{"title":"Jaran Goyang"},{"title":"The Middle Zedd Maren Morris Grey"},{"title":"Stranger Things Vol 1 A Netflix Original Series Soundtrack Kyle Dixon Michael Stein"},{"title":"Nella Karisma"},{"title":"Perfect Ed Sheeran"},{"title":"Ne Yo The Way You Move"},{"title":"Nella Karisma Jaran"},{"title":"Xxxtentaction Ft Drake Lil Uzi Vert The Way Life Goes Lil Pump Designer Kodak Black Roll In Peace Mp3 Ne Yo The Way You Move"},{"title":"Xxxtentaction Ft Drake Lil Uzi Vert The Way Life Goes Lil Pump Designer Kodak Black Roll In Peace"},{"title":"Say Something Feat Chris Stapleton Justin Timberlake"},{"title":"Boca Vs Tante"},{"title":"Havana Feat Young Thug Camila Cabello"},{"title":"10 Best Moments From 2018 Sag Awards"},{"title":"Peterpan Semua Tentang Kita Html"},{"title":"Different Now Single Fetty Wap"},{"title":"\u00f3lafur Arnalds"},{"title":"Surat Cinta Untuk Starla Html"},{"title":"Cat Videos"},{"title":"Dog Vs Cat"},{"title":"Meant To Be Feat Florida Georgia Line Bebe Rexha"},{"title":"When Mom Isnt Home For Eb Instrumentsaaj Se By Nabeel Shaukat Ali Official"},{"title":"Tonal Plexus Part 2"},{"title":"Mark Knopfler News Reports Concert Footage"},{"title":"Redo Kusuma"},{"title":"Peterpan Semua Tentang Kita.html"},{"title":"Peterpan Semua Tentang Kita"},{"title":"Lagu Kenangan"},{"title":"Lagu Kenangan Nostalgia Indonesia Nonstop"},{"title":"Instrumental Music Relaxing Light Easy Background"},{"title":"Peterpan Full Album"},{"title":"Instrumental Music Relaxing"},{"title":"Foals Mountain At My Gates Instrumental"},{"title":"Episode 27 David Bowie S The Rise And"},{"title":"Twice Headphone"},{"title":"Mobile Legends"},{"title":"Adele Hello"},{"title":"Ari Lasso Feat Ariel Tatum Karena Aku Tlah Denganmu"},{"title":"Peter"},{"title":"Peterpa"},{"title":"Nella"},{"title":"Samsung"},{"title":"Satya Raj Acharya Ft Priyanka Karki Timro Sundar Aankhama"},{"title":"Adelle"},{"title":"Peterpan Yang Terdalam New Version Mp3"},{"title":"Peterpan Yang Terdalam"},{"title":"Peterpan"},{"title":"Ari Lasso Mp3 Penjaga Hati"},{"title":"Ari Lasso Mp3"},{"title":"Ari Lasso"},{"title":"Blonde Frank Ocean"},{"title":"Samsung Galaxy Anote8"},{"title":"When You Believe Karaoke Instrumental Track In"},{"title":"Kamseupai"}]